-- phpMyAdmin SQL Dump
-- version 5.2.1
-- https://www.phpmyadmin.net/
--
-- Хост: 10.0.1.96
-- Время создания: Июн 19 2025 г., 22:04
-- Версия сервера: 8.0.37-29
-- Версия PHP: 7.2.34

SET SQL_MODE = "NO_AUTO_VALUE_ON_ZERO";
START TRANSACTION;
SET time_zone = "+00:00";


/*!40101 SET @OLD_CHARACTER_SET_CLIENT=@@CHARACTER_SET_CLIENT */;
/*!40101 SET @OLD_CHARACTER_SET_RESULTS=@@CHARACTER_SET_RESULTS */;
/*!40101 SET @OLD_COLLATION_CONNECTION=@@COLLATION_CONNECTION */;
/*!40101 SET NAMES utf8mb4 */;

--
-- База данных: `a1078522_scientific_work`
--

-- --------------------------------------------------------

--
-- Структура таблицы `groups`
--

CREATE TABLE `groups` (
  `id` int NOT NULL,
  `name` varchar(177) CHARACTER SET utf8mb4 COLLATE utf8mb4_unicode_ci NOT NULL,
  `teacher_id` int NOT NULL,
  `subjects_id` int NOT NULL,
  `created_at` timestamp NULL DEFAULT CURRENT_TIMESTAMP
) ENGINE=InnoDB DEFAULT CHARSET=utf8mb4 COLLATE=utf8mb4_unicode_ci;

--
-- Дамп данных таблицы `groups`
--

INSERT INTO `groups` (`id`, `name`, `teacher_id`, `subjects_id`, `created_at`) VALUES
(87, 'МКНб-211', 7, 15, '2025-06-19 18:04:27'),
(88, 'МКНб-211', 7, 13, '2025-06-19 18:04:32');

-- --------------------------------------------------------

--
-- Структура таблицы `students`
--

CREATE TABLE `students` (
  `id` int NOT NULL,
  `fio` varchar(255) COLLATE utf8mb4_unicode_ci NOT NULL,
  `id_group` int NOT NULL,
  `created_at` timestamp NULL DEFAULT CURRENT_TIMESTAMP
) ENGINE=InnoDB DEFAULT CHARSET=utf8mb4 COLLATE=utf8mb4_unicode_ci;

--
-- Дамп данных таблицы `students`
--

INSERT INTO `students` (`id`, `fio`, `id_group`, `created_at`) VALUES
(648, 'Абакарова Диана Абакаровна', 87, '2025-06-19 18:07:38'),
(649, 'Белоцерковец Ярослав Дмитриевич', 87, '2025-06-19 18:07:38'),
(650, 'Бессарабова Арина Денисовна', 87, '2025-06-19 18:07:38'),
(651, 'Бобенко Анастасия Сергеевна', 87, '2025-06-19 18:07:38'),
(652, 'Брестер Елена Васильевна', 87, '2025-06-19 18:07:38'),
(653, 'Варламова Мария Алексеевна', 87, '2025-06-19 18:07:38'),
(654, 'Гаева Татьяна Игоревна', 87, '2025-06-19 18:07:38'),
(655, 'Дробуш Юлиана Петровна', 87, '2025-06-19 18:07:38'),
(656, 'Ермолович Элла Юрьевна', 87, '2025-06-19 18:07:38'),
(657, 'Калашеина Анастасия Алексеевна', 87, '2025-06-19 18:07:38'),
(658, 'Карпович София Владиславовна', 87, '2025-06-19 18:07:38'),
(659, 'Киселева Арина Дмитриевна', 87, '2025-06-19 18:07:38'),
(660, 'Козынченко Андрей Валерьевич', 87, '2025-06-19 18:07:38'),
(661, 'Лескин Никита Анатольевич', 87, '2025-06-19 18:07:38'),
(662, 'Лисачук Кирилл Вадимович', 87, '2025-06-19 18:07:38'),
(663, 'Мироманов Данил Андреевич', 87, '2025-06-19 18:07:38'),
(664, 'Мордвинцева Виктория Павловна', 87, '2025-06-19 18:07:38'),
(665, 'Назаренко Валерий Романович', 87, '2025-06-19 18:07:38'),
(666, 'Пашеньков Денис Владимирович', 87, '2025-06-19 18:07:38'),
(667, 'Постников Роман Геннадьевич', 87, '2025-06-19 18:07:38'),
(668, 'Розинский Антон Альбертович', 87, '2025-06-19 18:07:38'),
(669, 'Селиванов Егор Андреевич', 87, '2025-06-19 18:07:38'),
(670, 'Серикова София Константиновна', 87, '2025-06-19 18:07:38'),
(671, 'Страхов Данила Алексеевич', 87, '2025-06-19 18:07:38'),
(672, 'Федотов Юрий Александрович', 87, '2025-06-19 18:07:38'),
(673, 'Федянин Владислав Александрович', 87, '2025-06-19 18:07:38'),
(674, 'Чижевский Сергей Андреевич', 87, '2025-06-19 18:07:38'),
(675, 'Шатковская София Александровна', 87, '2025-06-19 18:07:38'),
(676, 'Шестопалов Степан Григорьевич', 87, '2025-06-19 18:07:38'),
(677, 'Папами', 87, '2025-06-19 18:07:38'),
(678, 'Тимшин А. А.', 87, '2025-06-19 18:07:38'),
(679, 'Буров Максим Дмитриевич', 87, '2025-06-19 18:07:38'),
(680, 'Саварин Евгений', 87, '2025-06-19 18:07:38'),
(681, 'Берсенев Н. С.', 87, '2025-06-19 18:07:38'),
(682, 'Блинов Александр Алексеевич', 88, '2025-06-19 18:08:10'),
(683, 'Шашков Максим Дмитриевич', 88, '2025-06-19 18:08:20');

-- --------------------------------------------------------

--
-- Структура таблицы `student_attributes`
--

CREATE TABLE `student_attributes` (
  `id` int NOT NULL,
  `name` varchar(177) CHARACTER SET utf8mb4 COLLATE utf8mb4_unicode_ci NOT NULL,
  `display_name` varchar(177) CHARACTER SET utf8mb4 COLLATE utf8mb4_unicode_ci NOT NULL,
  `type` enum('int','text','float') CHARACTER SET utf8mb4 COLLATE utf8mb4_unicode_ci DEFAULT 'text',
  `group_id` int NOT NULL,
  `created_at` timestamp NULL DEFAULT CURRENT_TIMESTAMP,
  `section` enum('before_module1','module1','after_module1','module2','after_module2','module3','after_module3') CHARACTER SET utf8mb4 COLLATE utf8mb4_unicode_ci NOT NULL DEFAULT 'after_module3',
  `is_fixed` tinyint(1) NOT NULL DEFAULT '0'
) ENGINE=InnoDB DEFAULT CHARSET=utf8mb4 COLLATE=utf8mb4_unicode_ci;

--
-- Дамп данных таблицы `student_attributes`
--

INSERT INTO `student_attributes` (`id`, `name`, `display_name`, `type`, `group_id`, `created_at`, `section`, `is_fixed`) VALUES
(953, '', '1 модуль', 'float', 87, '2025-06-19 18:04:27', 'module1', 1),
(954, '', '2 модуль', 'float', 87, '2025-06-19 18:04:27', 'module2', 1),
(955, '', '3 модуль', 'float', 87, '2025-06-19 18:04:27', 'module3', 1),
(956, '', 'Итог', 'float', 87, '2025-06-19 18:04:27', 'after_module3', 1),
(957, '', '1 модуль', 'float', 88, '2025-06-19 18:04:32', 'module1', 1),
(958, '', '2 модуль', 'float', 88, '2025-06-19 18:04:32', 'module2', 1),
(959, '', '3 модуль', 'float', 88, '2025-06-19 18:04:32', 'module3', 1),
(960, '', 'Итог', 'float', 88, '2025-06-19 18:04:32', 'after_module3', 1),
(961, '', '1_beforemodule1', 'float', 87, '2025-06-19 18:07:38', 'before_module1', 0),
(962, '', '2_beforemodule1', 'float', 87, '2025-06-19 18:07:38', 'before_module1', 0),
(963, '', '3_beforemodule1', 'float', 87, '2025-06-19 18:07:38', 'before_module1', 0),
(964, '', '1_aftermodule1', 'float', 87, '2025-06-19 18:07:38', 'after_module1', 0),
(965, '', '2_aftermodule1', 'float', 87, '2025-06-19 18:07:38', 'after_module1', 0),
(966, '', '3_aftermodule1', 'float', 87, '2025-06-19 18:07:38', 'after_module1', 0),
(967, '', '1_aftermodule2', 'float', 87, '2025-06-19 18:07:38', 'after_module2', 0),
(968, '', '2_aftermodule2', 'float', 87, '2025-06-19 18:07:38', 'after_module2', 0),
(969, '', '3_aftermodule2', 'float', 87, '2025-06-19 18:07:38', 'after_module2', 0),
(970, '', 'Переписывание', 'float', 87, '2025-06-19 18:07:38', 'after_module2', 0),
(971, '', 'Доп.', 'float', 87, '2025-06-19 18:07:38', 'after_module2', 0),
(972, '', 'Упр+консп', 'float', 87, '2025-06-19 18:07:38', 'after_module2', 0),
(974, '', 'экзамен', 'float', 87, '2025-06-19 18:07:38', 'after_module3', 0),
(975, '', 'кр', 'int', 88, '2025-06-19 18:08:36', 'before_module1', 0),
(976, '', 'кр 2', 'int', 88, '2025-06-19 18:12:00', 'after_module1', 0),
(977, '', 'кр 3', 'int', 88, '2025-06-19 18:12:30', 'after_module3', 0),
(1002, '', 'кр 3', 'int', 88, '2025-06-19 19:01:29', 'after_module2', 0),
(1003, '', '15.12.', 'text', 88, '2025-06-19 19:02:18', 'after_module2', 0);

-- --------------------------------------------------------

--
-- Структура таблицы `student_attribute_values`
--

CREATE TABLE `student_attribute_values` (
  `id` int NOT NULL,
  `student_id` int NOT NULL,
  `attribute_id` int NOT NULL,
  `value` text CHARACTER SET utf8mb4 COLLATE utf8mb4_unicode_ci,
  `created_at` timestamp NULL DEFAULT CURRENT_TIMESTAMP
) ENGINE=InnoDB DEFAULT CHARSET=utf8mb4 COLLATE=utf8mb4_unicode_ci;

--
-- Дамп данных таблицы `student_attribute_values`
--

INSERT INTO `student_attribute_values` (`id`, `student_id`, `attribute_id`, `value`, `created_at`) VALUES
(6183, 648, 961, '5', '2025-06-19 18:07:38'),
(6184, 648, 962, '7', '2025-06-19 18:07:38'),
(6185, 648, 963, '6', '2025-06-19 18:07:38'),
(6186, 648, 964, '6', '2025-06-19 18:07:38'),
(6187, 648, 965, '6', '2025-06-19 18:07:38'),
(6188, 648, 966, '7', '2025-06-19 18:07:38'),
(6189, 648, 967, '7', '2025-06-19 18:07:38'),
(6190, 648, 968, '7', '2025-06-19 18:07:38'),
(6191, 648, 969, '4', '2025-06-19 18:07:38'),
(6192, 648, 970, '0', '2025-06-19 18:07:38'),
(6193, 648, 971, '15', '2025-06-19 18:07:38'),
(6194, 648, 972, '15', '2025-06-19 18:07:38'),
(6196, 648, 974, '0', '2025-06-19 18:07:38'),
(6197, 649, 961, '0', '2025-06-19 18:07:38'),
(6198, 649, 962, '0', '2025-06-19 18:07:38'),
(6199, 649, 963, '0', '2025-06-19 18:07:38'),
(6200, 649, 964, '0', '2025-06-19 18:07:38'),
(6201, 649, 965, '0', '2025-06-19 18:07:38'),
(6202, 649, 966, '0', '2025-06-19 18:07:38'),
(6203, 649, 967, '0', '2025-06-19 18:07:38'),
(6204, 649, 968, '0', '2025-06-19 18:07:38'),
(6205, 649, 969, '0', '2025-06-19 18:07:38'),
(6206, 649, 970, '0', '2025-06-19 18:07:38'),
(6207, 649, 971, '0', '2025-06-19 18:07:38'),
(6208, 649, 972, '0', '2025-06-19 18:07:38'),
(6210, 649, 974, '0', '2025-06-19 18:07:38'),
(6211, 650, 961, '6', '2025-06-19 18:07:38'),
(6212, 650, 962, '7', '2025-06-19 18:07:38'),
(6213, 650, 963, '7', '2025-06-19 18:07:38'),
(6214, 650, 964, '6', '2025-06-19 18:07:38'),
(6215, 650, 965, '6', '2025-06-19 18:07:38'),
(6216, 650, 966, '3', '2025-06-19 18:07:38'),
(6217, 650, 967, '7', '2025-06-19 18:07:38'),
(6218, 650, 968, '7', '2025-06-19 18:07:38'),
(6219, 650, 969, '5', '2025-06-19 18:07:38'),
(6220, 650, 970, '0', '2025-06-19 18:07:38'),
(6221, 650, 971, '14', '2025-06-19 18:07:38'),
(6222, 650, 972, '13', '2025-06-19 18:07:38'),
(6224, 650, 974, '0', '2025-06-19 18:07:38'),
(6225, 651, 961, '0', '2025-06-19 18:07:38'),
(6226, 651, 962, '0', '2025-06-19 18:07:38'),
(6227, 651, 963, '0', '2025-06-19 18:07:38'),
(6228, 651, 964, '0', '2025-06-19 18:07:38'),
(6229, 651, 965, '0', '2025-06-19 18:07:38'),
(6230, 651, 966, '0', '2025-06-19 18:07:38'),
(6231, 651, 967, '0', '2025-06-19 18:07:38'),
(6232, 651, 968, '0', '2025-06-19 18:07:38'),
(6233, 651, 969, '0', '2025-06-19 18:07:38'),
(6234, 651, 970, '0', '2025-06-19 18:07:38'),
(6235, 651, 971, '0', '2025-06-19 18:07:38'),
(6236, 651, 972, '0', '2025-06-19 18:07:38'),
(6238, 651, 974, '0', '2025-06-19 18:07:38'),
(6239, 652, 961, '0', '2025-06-19 18:07:38'),
(6240, 652, 962, '0', '2025-06-19 18:07:38'),
(6241, 652, 963, '0', '2025-06-19 18:07:38'),
(6242, 652, 964, '0', '2025-06-19 18:07:38'),
(6243, 652, 965, '0', '2025-06-19 18:07:38'),
(6244, 652, 966, '0', '2025-06-19 18:07:38'),
(6245, 652, 967, '0', '2025-06-19 18:07:38'),
(6246, 652, 968, '0', '2025-06-19 18:07:38'),
(6247, 652, 969, '0', '2025-06-19 18:07:38'),
(6248, 652, 970, '0', '2025-06-19 18:07:38'),
(6249, 652, 971, '0', '2025-06-19 18:07:38'),
(6250, 652, 972, '0', '2025-06-19 18:07:38'),
(6252, 652, 974, '0', '2025-06-19 18:07:38'),
(6253, 653, 961, '0', '2025-06-19 18:07:38'),
(6254, 653, 962, '0', '2025-06-19 18:07:38'),
(6255, 653, 963, '0', '2025-06-19 18:07:38'),
(6256, 653, 964, '0', '2025-06-19 18:07:38'),
(6257, 653, 965, '0', '2025-06-19 18:07:38'),
(6258, 653, 966, '0', '2025-06-19 18:07:38'),
(6259, 653, 967, '0', '2025-06-19 18:07:38'),
(6260, 653, 968, '0', '2025-06-19 18:07:38'),
(6261, 653, 969, '0', '2025-06-19 18:07:38'),
(6262, 653, 970, '0', '2025-06-19 18:07:38'),
(6263, 653, 971, '0', '2025-06-19 18:07:38'),
(6264, 653, 972, '0', '2025-06-19 18:07:38'),
(6266, 653, 974, '0', '2025-06-19 18:07:38'),
(6267, 654, 961, '0', '2025-06-19 18:07:38'),
(6268, 654, 962, '7', '2025-06-19 18:07:38'),
(6269, 654, 963, '7', '2025-06-19 18:07:38'),
(6270, 654, 964, '6', '2025-06-19 18:07:38'),
(6271, 654, 965, '6', '2025-06-19 18:07:38'),
(6272, 654, 966, '3', '2025-06-19 18:07:38'),
(6273, 654, 967, '7', '2025-06-19 18:07:38'),
(6274, 654, 968, '7', '2025-06-19 18:07:38'),
(6275, 654, 969, '4', '2025-06-19 18:07:38'),
(6276, 654, 970, '5', '2025-06-19 18:07:38'),
(6277, 654, 971, '13', '2025-06-19 18:07:38'),
(6278, 654, 972, '12', '2025-06-19 18:07:38'),
(6280, 654, 974, '0', '2025-06-19 18:07:38'),
(6281, 655, 961, '6', '2025-06-19 18:07:38'),
(6282, 655, 962, '7', '2025-06-19 18:07:38'),
(6283, 655, 963, '7', '2025-06-19 18:07:38'),
(6284, 655, 964, '6', '2025-06-19 18:07:38'),
(6285, 655, 965, '6', '2025-06-19 18:07:38'),
(6286, 655, 966, '7', '2025-06-19 18:07:38'),
(6287, 655, 967, '7', '2025-06-19 18:07:38'),
(6288, 655, 968, '7', '2025-06-19 18:07:38'),
(6289, 655, 969, '5', '2025-06-19 18:07:38'),
(6290, 655, 970, '0', '2025-06-19 18:07:38'),
(6291, 655, 971, '11', '2025-06-19 18:07:38'),
(6292, 655, 972, '14', '2025-06-19 18:07:38'),
(6294, 655, 974, '0', '2025-06-19 18:07:38'),
(6295, 656, 961, '6', '2025-06-19 18:07:38'),
(6296, 656, 962, '7', '2025-06-19 18:07:38'),
(6297, 656, 963, '6', '2025-06-19 18:07:38'),
(6298, 656, 964, '6', '2025-06-19 18:07:38'),
(6299, 656, 965, '6', '2025-06-19 18:07:38'),
(6300, 656, 966, '6', '2025-06-19 18:07:38'),
(6301, 656, 967, '7', '2025-06-19 18:07:38'),
(6302, 656, 968, '7', '2025-06-19 18:07:38'),
(6303, 656, 969, '5', '2025-06-19 18:07:38'),
(6304, 656, 970, '0', '2025-06-19 18:07:38'),
(6305, 656, 971, '14', '2025-06-19 18:07:38'),
(6306, 656, 972, '9', '2025-06-19 18:07:38'),
(6308, 656, 974, '0', '2025-06-19 18:07:38'),
(6309, 657, 961, '5', '2025-06-19 18:07:38'),
(6310, 657, 962, '7', '2025-06-19 18:07:38'),
(6311, 657, 963, '7', '2025-06-19 18:07:38'),
(6312, 657, 964, '6', '2025-06-19 18:07:38'),
(6313, 657, 965, '6', '2025-06-19 18:07:38'),
(6314, 657, 966, '6', '2025-06-19 18:07:38'),
(6315, 657, 967, '6', '2025-06-19 18:07:38'),
(6316, 657, 968, '6', '2025-06-19 18:07:38'),
(6317, 657, 969, '5', '2025-06-19 18:07:38'),
(6318, 657, 970, '0', '2025-06-19 18:07:38'),
(6319, 657, 971, '12', '2025-06-19 18:07:38'),
(6320, 657, 972, '13', '2025-06-19 18:07:38'),
(6322, 657, 974, '0', '2025-06-19 18:07:38'),
(6323, 658, 961, '6', '2025-06-19 18:07:38'),
(6324, 658, 962, '7', '2025-06-19 18:07:38'),
(6325, 658, 963, '7', '2025-06-19 18:07:38'),
(6326, 658, 964, '6', '2025-06-19 18:07:38'),
(6327, 658, 965, '6', '2025-06-19 18:07:38'),
(6328, 658, 966, '7', '2025-06-19 18:07:38'),
(6329, 658, 967, '7', '2025-06-19 18:07:38'),
(6330, 658, 968, '7', '2025-06-19 18:07:38'),
(6331, 658, 969, '5', '2025-06-19 18:07:38'),
(6332, 658, 970, '0', '2025-06-19 18:07:38'),
(6333, 658, 971, '15', '2025-06-19 18:07:38'),
(6334, 658, 972, '13', '2025-06-19 18:07:38'),
(6336, 658, 974, '0', '2025-06-19 18:07:38'),
(6337, 659, 961, '0', '2025-06-19 18:07:38'),
(6338, 659, 962, '0', '2025-06-19 18:07:38'),
(6339, 659, 963, '0', '2025-06-19 18:07:38'),
(6340, 659, 964, '0', '2025-06-19 18:07:38'),
(6341, 659, 965, '0', '2025-06-19 18:07:38'),
(6342, 659, 966, '0', '2025-06-19 18:07:38'),
(6343, 659, 967, '0', '2025-06-19 18:07:38'),
(6344, 659, 968, '0', '2025-06-19 18:07:38'),
(6345, 659, 969, '0', '2025-06-19 18:07:38'),
(6346, 659, 970, '0', '2025-06-19 18:07:38'),
(6347, 659, 971, '0', '2025-06-19 18:07:38'),
(6348, 659, 972, '0', '2025-06-19 18:07:38'),
(6350, 659, 974, '0', '2025-06-19 18:07:38'),
(6351, 660, 961, '6', '2025-06-19 18:07:38'),
(6352, 660, 962, '4', '2025-06-19 18:07:38'),
(6353, 660, 963, '7', '2025-06-19 18:07:38'),
(6354, 660, 964, '7', '2025-06-19 18:07:38'),
(6355, 660, 965, '6', '2025-06-19 18:07:38'),
(6356, 660, 966, '7', '2025-06-19 18:07:38'),
(6357, 660, 967, '6', '2025-06-19 18:07:38'),
(6358, 660, 968, '5', '2025-06-19 18:07:38'),
(6359, 660, 969, '5', '2025-06-19 18:07:38'),
(6360, 660, 970, '0', '2025-06-19 18:07:38'),
(6361, 660, 971, '14', '2025-06-19 18:07:38'),
(6362, 660, 972, '8', '2025-06-19 18:07:38'),
(6364, 660, 974, '0', '2025-06-19 18:07:38'),
(6365, 661, 961, '0', '2025-06-19 18:07:38'),
(6366, 661, 962, '0', '2025-06-19 18:07:38'),
(6367, 661, 963, '0', '2025-06-19 18:07:38'),
(6368, 661, 964, '0', '2025-06-19 18:07:38'),
(6369, 661, 965, '0', '2025-06-19 18:07:38'),
(6370, 661, 966, '0', '2025-06-19 18:07:38'),
(6371, 661, 967, '0', '2025-06-19 18:07:38'),
(6372, 661, 968, '0', '2025-06-19 18:07:38'),
(6373, 661, 969, '0', '2025-06-19 18:07:38'),
(6374, 661, 970, '0', '2025-06-19 18:07:38'),
(6375, 661, 971, '0', '2025-06-19 18:07:38'),
(6376, 661, 972, '0', '2025-06-19 18:07:38'),
(6378, 661, 974, '0', '2025-06-19 18:07:38'),
(6379, 662, 961, '0', '2025-06-19 18:07:38'),
(6380, 662, 962, '0', '2025-06-19 18:07:38'),
(6381, 662, 963, '0', '2025-06-19 18:07:38'),
(6382, 662, 964, '0', '2025-06-19 18:07:38'),
(6383, 662, 965, '0', '2025-06-19 18:07:38'),
(6384, 662, 966, '0', '2025-06-19 18:07:38'),
(6385, 662, 967, '0', '2025-06-19 18:07:38'),
(6386, 662, 968, '0', '2025-06-19 18:07:38'),
(6387, 662, 969, '0', '2025-06-19 18:07:38'),
(6388, 662, 970, '0', '2025-06-19 18:07:38'),
(6389, 662, 971, '0', '2025-06-19 18:07:38'),
(6390, 662, 972, '0', '2025-06-19 18:07:38'),
(6392, 662, 974, '0', '2025-06-19 18:07:38'),
(6393, 663, 961, '0', '2025-06-19 18:07:38'),
(6394, 663, 962, '0', '2025-06-19 18:07:38'),
(6395, 663, 963, '0', '2025-06-19 18:07:38'),
(6396, 663, 964, '0', '2025-06-19 18:07:38'),
(6397, 663, 965, '0', '2025-06-19 18:07:38'),
(6398, 663, 966, '0', '2025-06-19 18:07:38'),
(6399, 663, 967, '0', '2025-06-19 18:07:38'),
(6400, 663, 968, '0', '2025-06-19 18:07:38'),
(6401, 663, 969, '0', '2025-06-19 18:07:38'),
(6402, 663, 970, '0', '2025-06-19 18:07:38'),
(6403, 663, 971, '0', '2025-06-19 18:07:38'),
(6404, 663, 972, '0', '2025-06-19 18:07:38'),
(6406, 663, 974, '0', '2025-06-19 18:07:38'),
(6407, 664, 961, '0', '2025-06-19 18:07:38'),
(6408, 664, 962, '0', '2025-06-19 18:07:38'),
(6409, 664, 963, '0', '2025-06-19 18:07:38'),
(6410, 664, 964, '0', '2025-06-19 18:07:38'),
(6411, 664, 965, '0', '2025-06-19 18:07:38'),
(6412, 664, 966, '0', '2025-06-19 18:07:38'),
(6413, 664, 967, '0', '2025-06-19 18:07:38'),
(6414, 664, 968, '0', '2025-06-19 18:07:38'),
(6415, 664, 969, '0', '2025-06-19 18:07:38'),
(6416, 664, 970, '0', '2025-06-19 18:07:38'),
(6417, 664, 971, '0', '2025-06-19 18:07:38'),
(6418, 664, 972, '0', '2025-06-19 18:07:38'),
(6420, 664, 974, '0', '2025-06-19 18:07:38'),
(6421, 665, 961, '0', '2025-06-19 18:07:38'),
(6422, 665, 962, '0', '2025-06-19 18:07:38'),
(6423, 665, 963, '0', '2025-06-19 18:07:38'),
(6424, 665, 964, '0', '2025-06-19 18:07:38'),
(6425, 665, 965, '0', '2025-06-19 18:07:38'),
(6426, 665, 966, '0', '2025-06-19 18:07:38'),
(6427, 665, 967, '0', '2025-06-19 18:07:38'),
(6428, 665, 968, '0', '2025-06-19 18:07:38'),
(6429, 665, 969, '0', '2025-06-19 18:07:38'),
(6430, 665, 970, '0', '2025-06-19 18:07:38'),
(6431, 665, 971, '0', '2025-06-19 18:07:38'),
(6432, 665, 972, '0', '2025-06-19 18:07:38'),
(6434, 665, 974, '0', '2025-06-19 18:07:38'),
(6435, 666, 961, '0', '2025-06-19 18:07:38'),
(6436, 666, 962, '0', '2025-06-19 18:07:38'),
(6437, 666, 963, '0', '2025-06-19 18:07:38'),
(6438, 666, 964, '0', '2025-06-19 18:07:38'),
(6439, 666, 965, '0', '2025-06-19 18:07:38'),
(6440, 666, 966, '0', '2025-06-19 18:07:38'),
(6441, 666, 967, '0', '2025-06-19 18:07:38'),
(6442, 666, 968, '0', '2025-06-19 18:07:38'),
(6443, 666, 969, '0', '2025-06-19 18:07:38'),
(6444, 666, 970, '0', '2025-06-19 18:07:38'),
(6445, 666, 971, '0', '2025-06-19 18:07:38'),
(6446, 666, 972, '0', '2025-06-19 18:07:38'),
(6448, 666, 974, '0', '2025-06-19 18:07:38'),
(6449, 667, 961, '0', '2025-06-19 18:07:38'),
(6450, 667, 962, '0', '2025-06-19 18:07:38'),
(6451, 667, 963, '0', '2025-06-19 18:07:38'),
(6452, 667, 964, '0', '2025-06-19 18:07:38'),
(6453, 667, 965, '0', '2025-06-19 18:07:38'),
(6454, 667, 966, '0', '2025-06-19 18:07:38'),
(6455, 667, 967, '0', '2025-06-19 18:07:38'),
(6456, 667, 968, '0', '2025-06-19 18:07:38'),
(6457, 667, 969, '0', '2025-06-19 18:07:38'),
(6458, 667, 970, '0', '2025-06-19 18:07:38'),
(6459, 667, 971, '0', '2025-06-19 18:07:38'),
(6460, 667, 972, '0', '2025-06-19 18:07:38'),
(6462, 667, 974, '0', '2025-06-19 18:07:38'),
(6463, 668, 961, '4', '2025-06-19 18:07:38'),
(6464, 668, 962, '7', '2025-06-19 18:07:38'),
(6465, 668, 963, '6', '2025-06-19 18:07:38'),
(6466, 668, 964, '6', '2025-06-19 18:07:38'),
(6467, 668, 965, '6', '2025-06-19 18:07:38'),
(6468, 668, 966, '2', '2025-06-19 18:07:38'),
(6469, 668, 967, '7', '2025-06-19 18:07:38'),
(6470, 668, 968, '7', '2025-06-19 18:07:38'),
(6471, 668, 969, '5', '2025-06-19 18:07:38'),
(6472, 668, 970, '4', '2025-06-19 18:07:38'),
(6473, 668, 971, '13', '2025-06-19 18:07:38'),
(6474, 668, 972, '4', '2025-06-19 18:07:38'),
(6476, 668, 974, '0', '2025-06-19 18:07:38'),
(6477, 669, 961, '6', '2025-06-19 18:07:38'),
(6478, 669, 962, '7', '2025-06-19 18:07:38'),
(6479, 669, 963, '7', '2025-06-19 18:07:38'),
(6480, 669, 964, '0', '2025-06-19 18:07:38'),
(6481, 669, 965, '0', '2025-06-19 18:07:38'),
(6482, 669, 966, '0', '2025-06-19 18:07:38'),
(6483, 669, 967, '4', '2025-06-19 18:07:38'),
(6484, 669, 968, '7', '2025-06-19 18:07:38'),
(6485, 669, 969, '5', '2025-06-19 18:07:38'),
(6486, 669, 970, '15', '2025-06-19 18:07:38'),
(6487, 669, 971, '13', '2025-06-19 18:07:38'),
(6488, 669, 972, '4', '2025-06-19 18:07:38'),
(6490, 669, 974, '0', '2025-06-19 18:07:38'),
(6491, 670, 961, '5', '2025-06-19 18:07:38'),
(6492, 670, 962, '7', '2025-06-19 18:07:38'),
(6493, 670, 963, '7', '2025-06-19 18:07:38'),
(6494, 670, 964, '6', '2025-06-19 18:07:38'),
(6495, 670, 965, '6', '2025-06-19 18:07:38'),
(6496, 670, 966, '4', '2025-06-19 18:07:38'),
(6497, 670, 967, '5', '2025-06-19 18:07:38'),
(6498, 670, 968, '5', '2025-06-19 18:07:38'),
(6499, 670, 969, '5', '2025-06-19 18:07:38'),
(6500, 670, 970, '0', '2025-06-19 18:07:38'),
(6501, 670, 971, '9', '2025-06-19 18:07:38'),
(6502, 670, 972, '12', '2025-06-19 18:07:38'),
(6504, 670, 974, '0', '2025-06-19 18:07:38'),
(6505, 671, 961, '6', '2025-06-19 18:07:38'),
(6506, 671, 962, '7', '2025-06-19 18:07:38'),
(6507, 671, 963, '7', '2025-06-19 18:07:38'),
(6508, 671, 964, '7', '2025-06-19 18:07:38'),
(6509, 671, 965, '6', '2025-06-19 18:07:38'),
(6510, 671, 966, '7', '2025-06-19 18:07:38'),
(6511, 671, 967, '6', '2025-06-19 18:07:38'),
(6512, 671, 968, '6', '2025-06-19 18:07:38'),
(6513, 671, 969, '4', '2025-06-19 18:07:38'),
(6514, 671, 970, '0', '2025-06-19 18:07:38'),
(6515, 671, 971, '15', '2025-06-19 18:07:38'),
(6516, 671, 972, '8', '2025-06-19 18:07:38'),
(6518, 671, 974, '0', '2025-06-19 18:07:38'),
(6519, 672, 961, '6', '2025-06-19 18:07:38'),
(6520, 672, 962, '6', '2025-06-19 18:07:38'),
(6521, 672, 963, '7', '2025-06-19 18:07:38'),
(6522, 672, 964, '3', '2025-06-19 18:07:38'),
(6523, 672, 965, '6', '2025-06-19 18:07:38'),
(6524, 672, 966, '7', '2025-06-19 18:07:38'),
(6525, 672, 967, '7', '2025-06-19 18:07:38'),
(6526, 672, 968, '6', '2025-06-19 18:07:38'),
(6527, 672, 969, '5', '2025-06-19 18:07:38'),
(6528, 672, 970, '0', '2025-06-19 18:07:38'),
(6529, 672, 971, '11', '2025-06-19 18:07:38'),
(6530, 672, 972, '0', '2025-06-19 18:07:38'),
(6532, 672, 974, '0', '2025-06-19 18:07:38'),
(6533, 673, 961, '0', '2025-06-19 18:07:38'),
(6534, 673, 962, '0', '2025-06-19 18:07:38'),
(6535, 673, 963, '0', '2025-06-19 18:07:38'),
(6536, 673, 964, '0', '2025-06-19 18:07:38'),
(6537, 673, 965, '0', '2025-06-19 18:07:38'),
(6538, 673, 966, '0', '2025-06-19 18:07:38'),
(6539, 673, 967, '0', '2025-06-19 18:07:38'),
(6540, 673, 968, '0', '2025-06-19 18:07:38'),
(6541, 673, 969, '0', '2025-06-19 18:07:38'),
(6542, 673, 970, '7', '2025-06-19 18:07:38'),
(6543, 673, 971, '0', '2025-06-19 18:07:38'),
(6544, 673, 972, '0', '2025-06-19 18:07:38'),
(6546, 673, 974, '0', '2025-06-19 18:07:38'),
(6547, 674, 961, '6', '2025-06-19 18:07:38'),
(6548, 674, 962, '7', '2025-06-19 18:07:38'),
(6549, 674, 963, '7', '2025-06-19 18:07:38'),
(6550, 674, 964, '7', '2025-06-19 18:07:38'),
(6551, 674, 965, '6', '2025-06-19 18:07:38'),
(6552, 674, 966, '7', '2025-06-19 18:07:38'),
(6553, 674, 967, '7', '2025-06-19 18:07:38'),
(6554, 674, 968, '7', '2025-06-19 18:07:38'),
(6555, 674, 969, '5', '2025-06-19 18:07:38'),
(6556, 674, 970, '0', '2025-06-19 18:07:38'),
(6557, 674, 971, '15', '2025-06-19 18:07:38'),
(6558, 674, 972, '5', '2025-06-19 18:07:38'),
(6560, 674, 974, '0', '2025-06-19 18:07:38'),
(6561, 675, 961, '0', '2025-06-19 18:07:38'),
(6562, 675, 962, '0', '2025-06-19 18:07:38'),
(6563, 675, 963, '0', '2025-06-19 18:07:38'),
(6564, 675, 964, '0', '2025-06-19 18:07:38'),
(6565, 675, 965, '0', '2025-06-19 18:07:38'),
(6566, 675, 966, '0', '2025-06-19 18:07:38'),
(6567, 675, 967, '0', '2025-06-19 18:07:38'),
(6568, 675, 968, '0', '2025-06-19 18:07:38'),
(6569, 675, 969, '0', '2025-06-19 18:07:38'),
(6570, 675, 970, '0', '2025-06-19 18:07:38'),
(6571, 675, 971, '0', '2025-06-19 18:07:38'),
(6572, 675, 972, '0', '2025-06-19 18:07:38'),
(6574, 675, 974, '0', '2025-06-19 18:07:38'),
(6575, 676, 961, '0', '2025-06-19 18:07:38'),
(6576, 676, 962, '0', '2025-06-19 18:07:38'),
(6577, 676, 963, '0', '2025-06-19 18:07:38'),
(6578, 676, 964, '0', '2025-06-19 18:07:38'),
(6579, 676, 965, '0', '2025-06-19 18:07:38'),
(6580, 676, 966, '0', '2025-06-19 18:07:38'),
(6581, 676, 967, '0', '2025-06-19 18:07:38'),
(6582, 676, 968, '0', '2025-06-19 18:07:38'),
(6583, 676, 969, '0', '2025-06-19 18:07:38'),
(6584, 676, 970, '0', '2025-06-19 18:07:38'),
(6585, 676, 971, '0', '2025-06-19 18:07:38'),
(6586, 676, 972, '0', '2025-06-19 18:07:38'),
(6588, 676, 974, '0', '2025-06-19 18:07:38'),
(6589, 677, 961, '0', '2025-06-19 18:07:38'),
(6590, 677, 962, '0', '2025-06-19 18:07:38'),
(6591, 677, 963, '0', '2025-06-19 18:07:38'),
(6592, 677, 964, '0', '2025-06-19 18:07:38'),
(6593, 677, 965, '0', '2025-06-19 18:07:38'),
(6594, 677, 966, '0', '2025-06-19 18:07:38'),
(6595, 677, 967, '0', '2025-06-19 18:07:38'),
(6596, 677, 968, '0', '2025-06-19 18:07:38'),
(6597, 677, 969, '0', '2025-06-19 18:07:38'),
(6598, 677, 970, '0', '2025-06-19 18:07:38'),
(6599, 677, 971, '0', '2025-06-19 18:07:38'),
(6600, 677, 972, '0', '2025-06-19 18:07:38'),
(6602, 677, 974, '0', '2025-06-19 18:07:38'),
(6603, 678, 961, '0', '2025-06-19 18:07:38'),
(6604, 678, 962, '0', '2025-06-19 18:07:38'),
(6605, 678, 963, '0', '2025-06-19 18:07:38'),
(6606, 678, 964, '6', '2025-06-19 18:07:38'),
(6607, 678, 965, '6', '2025-06-19 18:07:38'),
(6608, 678, 966, '6', '2025-06-19 18:07:38'),
(6609, 678, 967, '0', '2025-06-19 18:07:38'),
(6610, 678, 968, '0', '2025-06-19 18:07:38'),
(6611, 678, 969, '0', '2025-06-19 18:07:38'),
(6612, 678, 970, '17', '2025-06-19 18:07:38'),
(6613, 678, 971, '12', '2025-06-19 18:07:38'),
(6614, 678, 972, '0', '2025-06-19 18:07:38'),
(6616, 678, 974, '0', '2025-06-19 18:07:38'),
(6617, 679, 961, '6', '2025-06-19 18:07:38'),
(6618, 679, 962, '6', '2025-06-19 18:07:38'),
(6619, 679, 963, '5', '2025-06-19 18:07:38'),
(6620, 679, 964, '6', '2025-06-19 18:07:38'),
(6621, 679, 965, '6', '2025-06-19 18:07:38'),
(6622, 679, 966, '3', '2025-06-19 18:07:38'),
(6623, 679, 967, '3', '2025-06-19 18:07:38'),
(6624, 679, 968, '3', '2025-06-19 18:07:38'),
(6625, 679, 969, '0', '2025-06-19 18:07:38'),
(6626, 679, 970, '0', '2025-06-19 18:07:38'),
(6627, 679, 971, '10', '2025-06-19 18:07:38'),
(6628, 679, 972, '7', '2025-06-19 18:07:38'),
(6630, 679, 974, '0', '2025-06-19 18:07:38'),
(6631, 680, 961, '0', '2025-06-19 18:07:38'),
(6632, 680, 962, '0', '2025-06-19 18:07:38'),
(6633, 680, 963, '0', '2025-06-19 18:07:38'),
(6634, 680, 964, '0', '2025-06-19 18:07:38'),
(6635, 680, 965, '0', '2025-06-19 18:07:38'),
(6636, 680, 966, '0', '2025-06-19 18:07:38'),
(6637, 680, 967, '0', '2025-06-19 18:07:38'),
(6638, 680, 968, '0', '2025-06-19 18:07:38'),
(6639, 680, 969, '0', '2025-06-19 18:07:38'),
(6640, 680, 970, '20', '2025-06-19 18:07:38'),
(6641, 680, 971, '0', '2025-06-19 18:07:38'),
(6642, 680, 972, '0', '2025-06-19 18:07:38'),
(6644, 680, 974, '0', '2025-06-19 18:07:38'),
(6645, 681, 961, '0', '2025-06-19 18:07:38'),
(6646, 681, 962, '0', '2025-06-19 18:07:38'),
(6647, 681, 963, '0', '2025-06-19 18:07:38'),
(6648, 681, 964, '0', '2025-06-19 18:07:38'),
(6649, 681, 965, '0', '2025-06-19 18:07:38'),
(6650, 681, 966, '0', '2025-06-19 18:07:38'),
(6651, 681, 967, '0', '2025-06-19 18:07:38'),
(6652, 681, 968, '0', '2025-06-19 18:07:38'),
(6653, 681, 969, '0', '2025-06-19 18:07:38'),
(6654, 681, 970, '0', '2025-06-19 18:07:38'),
(6655, 681, 971, '0', '2025-06-19 18:07:38'),
(6656, 681, 972, '0', '2025-06-19 18:07:38'),
(6658, 681, 974, '0', '2025-06-19 18:07:38'),
(6659, 648, 953, '18', '2025-06-19 18:07:38'),
(6660, 648, 954, '19', '2025-06-19 18:07:38'),
(6661, 648, 955, '48', '2025-06-19 18:07:38'),
(6662, 648, 956, '85', '2025-06-19 18:07:38'),
(6663, 649, 953, '0', '2025-06-19 18:07:38'),
(6664, 649, 954, '0', '2025-06-19 18:07:38'),
(6665, 649, 955, '0', '2025-06-19 18:07:38'),
(6666, 649, 956, '0', '2025-06-19 18:07:38'),
(6667, 650, 953, '20', '2025-06-19 18:07:38'),
(6668, 650, 954, '15', '2025-06-19 18:07:38'),
(6669, 650, 955, '46', '2025-06-19 18:07:38'),
(6670, 650, 956, '81', '2025-06-19 18:07:38'),
(6671, 651, 953, '0', '2025-06-19 18:07:38'),
(6672, 651, 954, '0', '2025-06-19 18:07:38'),
(6673, 651, 955, '0', '2025-06-19 18:07:38'),
(6674, 651, 956, '0', '2025-06-19 18:07:38'),
(6675, 652, 953, '0', '2025-06-19 18:07:38'),
(6676, 652, 954, '0', '2025-06-19 18:07:38'),
(6677, 652, 955, '0', '2025-06-19 18:07:38'),
(6678, 652, 956, '0', '2025-06-19 18:07:38'),
(6679, 653, 953, '0', '2025-06-19 18:07:38'),
(6680, 653, 954, '0', '2025-06-19 18:07:38'),
(6681, 653, 955, '0', '2025-06-19 18:07:38'),
(6682, 653, 956, '0', '2025-06-19 18:07:38'),
(6683, 654, 953, '14', '2025-06-19 18:07:38'),
(6684, 654, 954, '15', '2025-06-19 18:07:38'),
(6685, 654, 955, '48', '2025-06-19 18:07:38'),
(6686, 654, 956, '77', '2025-06-19 18:07:38'),
(6687, 655, 953, '20', '2025-06-19 18:07:38'),
(6688, 655, 954, '19', '2025-06-19 18:07:38'),
(6689, 655, 955, '44', '2025-06-19 18:07:38'),
(6690, 655, 956, '83', '2025-06-19 18:07:38'),
(6691, 656, 953, '19', '2025-06-19 18:07:38'),
(6692, 656, 954, '18', '2025-06-19 18:07:38'),
(6693, 656, 955, '42', '2025-06-19 18:07:38'),
(6694, 656, 956, '79', '2025-06-19 18:07:38'),
(6695, 657, 953, '19', '2025-06-19 18:07:38'),
(6696, 657, 954, '18', '2025-06-19 18:07:38'),
(6697, 657, 955, '42', '2025-06-19 18:07:38'),
(6698, 657, 956, '79', '2025-06-19 18:07:38'),
(6699, 658, 953, '20', '2025-06-19 18:07:38'),
(6700, 658, 954, '19', '2025-06-19 18:07:38'),
(6701, 658, 955, '47', '2025-06-19 18:07:38'),
(6702, 658, 956, '86', '2025-06-19 18:07:38'),
(6703, 659, 953, '0', '2025-06-19 18:07:38'),
(6704, 659, 954, '0', '2025-06-19 18:07:38'),
(6705, 659, 955, '0', '2025-06-19 18:07:38'),
(6706, 659, 956, '0', '2025-06-19 18:07:38'),
(6707, 660, 953, '17', '2025-06-19 18:07:38'),
(6708, 660, 954, '20', '2025-06-19 18:07:38'),
(6709, 660, 955, '38', '2025-06-19 18:07:38'),
(6710, 660, 956, '75', '2025-06-19 18:07:38'),
(6711, 661, 953, '0', '2025-06-19 18:07:38'),
(6712, 661, 954, '0', '2025-06-19 18:07:38'),
(6713, 661, 955, '0', '2025-06-19 18:07:38'),
(6714, 661, 956, '0', '2025-06-19 18:07:38'),
(6715, 662, 953, '0', '2025-06-19 18:07:38'),
(6716, 662, 954, '0', '2025-06-19 18:07:38'),
(6717, 662, 955, '0', '2025-06-19 18:07:38'),
(6718, 662, 956, '0', '2025-06-19 18:07:38'),
(6719, 663, 953, '0', '2025-06-19 18:07:38'),
(6720, 663, 954, '0', '2025-06-19 18:07:38'),
(6721, 663, 955, '0', '2025-06-19 18:07:38'),
(6722, 663, 956, '0', '2025-06-19 18:07:38'),
(6723, 664, 953, '0', '2025-06-19 18:07:38'),
(6724, 664, 954, '0', '2025-06-19 18:07:38'),
(6725, 664, 955, '0', '2025-06-19 18:07:38'),
(6726, 664, 956, '0', '2025-06-19 18:07:38'),
(6727, 665, 953, '0', '2025-06-19 18:07:38'),
(6728, 665, 954, '0', '2025-06-19 18:07:38'),
(6729, 665, 955, '0', '2025-06-19 18:07:38'),
(6730, 665, 956, '0', '2025-06-19 18:07:38'),
(6731, 666, 953, '0', '2025-06-19 18:07:38'),
(6732, 666, 954, '0', '2025-06-19 18:07:38'),
(6733, 666, 955, '0', '2025-06-19 18:07:38'),
(6734, 666, 956, '0', '2025-06-19 18:07:38'),
(6735, 667, 953, '0', '2025-06-19 18:07:38'),
(6736, 667, 954, '0', '2025-06-19 18:07:38'),
(6737, 667, 955, '0', '2025-06-19 18:07:38'),
(6738, 667, 956, '0', '2025-06-19 18:07:38'),
(6739, 668, 953, '17', '2025-06-19 18:07:38'),
(6740, 668, 954, '14', '2025-06-19 18:07:38'),
(6741, 668, 955, '40', '2025-06-19 18:07:38'),
(6742, 668, 956, '71', '2025-06-19 18:07:38'),
(6743, 669, 953, '20', '2025-06-19 18:07:38'),
(6744, 669, 954, '0', '2025-06-19 18:07:38'),
(6745, 669, 955, '48', '2025-06-19 18:07:38'),
(6746, 669, 956, '68', '2025-06-19 18:07:38'),
(6747, 670, 953, '19', '2025-06-19 18:07:38'),
(6748, 670, 954, '16', '2025-06-19 18:07:38'),
(6749, 670, 955, '36', '2025-06-19 18:07:38'),
(6750, 670, 956, '71', '2025-06-19 18:07:38'),
(6751, 671, 953, '20', '2025-06-19 18:07:38'),
(6752, 671, 954, '20', '2025-06-19 18:07:38'),
(6753, 671, 955, '39', '2025-06-19 18:07:38'),
(6754, 671, 956, '79', '2025-06-19 18:07:38'),
(6755, 672, 953, '19', '2025-06-19 18:07:38'),
(6756, 672, 954, '16', '2025-06-19 18:07:38'),
(6757, 672, 955, '29', '2025-06-19 18:07:38'),
(6758, 672, 956, '64', '2025-06-19 18:07:38'),
(6759, 673, 953, '0', '2025-06-19 18:07:38'),
(6760, 673, 954, '0', '2025-06-19 18:07:38'),
(6761, 673, 955, '7', '2025-06-19 18:07:38'),
(6762, 673, 956, '7', '2025-06-19 18:07:38'),
(6763, 674, 953, '20', '2025-06-19 18:07:38'),
(6764, 674, 954, '20', '2025-06-19 18:07:38'),
(6765, 674, 955, '39', '2025-06-19 18:07:38'),
(6766, 674, 956, '79', '2025-06-19 18:07:38'),
(6767, 675, 953, '0', '2025-06-19 18:07:38'),
(6768, 675, 954, '0', '2025-06-19 18:07:38'),
(6769, 675, 955, '0', '2025-06-19 18:07:38'),
(6770, 675, 956, '0', '2025-06-19 18:07:38'),
(6771, 676, 953, '0', '2025-06-19 18:07:38'),
(6772, 676, 954, '0', '2025-06-19 18:07:38'),
(6773, 676, 955, '0', '2025-06-19 18:07:38'),
(6774, 676, 956, '0', '2025-06-19 18:07:38'),
(6775, 677, 953, '0', '2025-06-19 18:07:38'),
(6776, 677, 954, '0', '2025-06-19 18:07:38'),
(6777, 677, 955, '0', '2025-06-19 18:07:38'),
(6778, 677, 956, '0', '2025-06-19 18:07:38'),
(6779, 678, 953, '0', '2025-06-19 18:07:38'),
(6780, 678, 954, '18', '2025-06-19 18:07:38'),
(6781, 678, 955, '29', '2025-06-19 18:07:38'),
(6782, 678, 956, '47', '2025-06-19 18:07:38'),
(6783, 679, 953, '17', '2025-06-19 18:07:38'),
(6784, 679, 954, '15', '2025-06-19 18:07:38'),
(6785, 679, 955, '23', '2025-06-19 18:07:38'),
(6786, 679, 956, '55', '2025-06-19 18:07:38'),
(6787, 680, 953, '0', '2025-06-19 18:07:38'),
(6788, 680, 954, '0', '2025-06-19 18:07:38'),
(6789, 680, 955, '20', '2025-06-19 18:07:38'),
(6790, 680, 956, '20', '2025-06-19 18:07:38'),
(6791, 681, 953, '0', '2025-06-19 18:07:38'),
(6792, 681, 954, '0', '2025-06-19 18:07:38'),
(6793, 681, 955, '0', '2025-06-19 18:07:38'),
(6794, 681, 956, '0', '2025-06-19 18:07:38'),
(6795, 682, 957, '15', '2025-06-19 18:08:11'),
(6796, 682, 958, '15', '2025-06-19 18:08:11'),
(6797, 682, 959, '25', '2025-06-19 18:08:11'),
(6798, 682, 960, '87', '2025-06-19 18:08:11'),
(6799, 683, 957, '16', '2025-06-19 18:08:20'),
(6800, 683, 958, '14', '2025-06-19 18:08:20'),
(6801, 683, 959, '23', '2025-06-19 18:08:20'),
(6802, 683, 960, '88', '2025-06-19 18:08:20'),
(6803, 682, 975, '15', '2025-06-19 18:08:43'),
(6804, 683, 975, '16', '2025-06-19 18:08:43'),
(6805, 682, 976, '15', '2025-06-19 18:12:08'),
(6806, 683, 976, '14', '2025-06-19 18:12:08'),
(7419, 682, 1002, '25', '2025-06-19 19:01:36'),
(7420, 683, 1002, '23', '2025-06-19 19:01:36'),
(7421, 682, 977, '32', '2025-06-19 19:01:48'),
(7422, 683, 977, '35', '2025-06-19 19:01:48'),
(7423, 682, 1003, '+', '2025-06-19 19:02:26'),
(7424, 683, 1003, '+', '2025-06-19 19:02:26');

-- --------------------------------------------------------

--
-- Структура таблицы `subjects`
--

CREATE TABLE `subjects` (
  `id` int NOT NULL,
  `name` varchar(166) CHARACTER SET utf8mb4 COLLATE utf8mb4_unicode_ci NOT NULL,
  `teacher_id` int NOT NULL
) ENGINE=InnoDB DEFAULT CHARSET=utf8mb4 COLLATE=utf8mb4_unicode_ci;

--
-- Дамп данных таблицы `subjects`
--

INSERT INTO `subjects` (`id`, `name`, `teacher_id`) VALUES
(13, 'Математический анализ', 7),
(14, 'Линейная алгебра', 7),
(15, 'Диффиренциальные уравнения', 7);

-- --------------------------------------------------------

--
-- Структура таблицы `users`
--

CREATE TABLE `users` (
  `id` int NOT NULL,
  `name` varchar(177) CHARACTER SET utf8mb4 COLLATE utf8mb4_unicode_ci NOT NULL,
  `surname` varchar(177) CHARACTER SET utf8mb4 COLLATE utf8mb4_unicode_ci NOT NULL,
  `password` varchar(177) CHARACTER SET utf8mb4 COLLATE utf8mb4_unicode_ci NOT NULL,
  `role` enum('teacher','student','admin') CHARACTER SET utf8mb4 COLLATE utf8mb4_unicode_ci DEFAULT 'student',
  `created_at` timestamp NULL DEFAULT CURRENT_TIMESTAMP
) ENGINE=InnoDB DEFAULT CHARSET=utf8mb4 COLLATE=utf8mb4_unicode_ci;

--
-- Дамп данных таблицы `users`
--

INSERT INTO `users` (`id`, `name`, `surname`, `password`, `role`, `created_at`) VALUES
(7, 'Александр', 'Блинов', '$2y$10$AtvIbpSwsVmQBrrYe3nxoOV2tQS9BHYKrqK8zI4Q/4sazmhPxkVNu', 'teacher', '2025-05-21 21:07:57');

--
-- Индексы сохранённых таблиц
--

--
-- Индексы таблицы `groups`
--
ALTER TABLE `groups`
  ADD PRIMARY KEY (`id`),
  ADD KEY `teacher_id` (`teacher_id`);

--
-- Индексы таблицы `students`
--
ALTER TABLE `students`
  ADD PRIMARY KEY (`id`),
  ADD KEY `idx_group` (`id_group`);

--
-- Индексы таблицы `student_attributes`
--
ALTER TABLE `student_attributes`
  ADD PRIMARY KEY (`id`),
  ADD KEY `idx_group_id` (`group_id`);

--
-- Индексы таблицы `student_attribute_values`
--
ALTER TABLE `student_attribute_values`
  ADD PRIMARY KEY (`id`),
  ADD UNIQUE KEY `idx_unique_student_attribute` (`student_id`,`attribute_id`),
  ADD KEY `idx_student_id` (`student_id`),
  ADD KEY `idx_attribute_id` (`attribute_id`);

--
-- Индексы таблицы `subjects`
--
ALTER TABLE `subjects`
  ADD UNIQUE KEY `id` (`id`);

--
-- Индексы таблицы `users`
--
ALTER TABLE `users`
  ADD PRIMARY KEY (`id`),
  ADD UNIQUE KEY `username` (`surname`);

--
-- AUTO_INCREMENT для сохранённых таблиц
--

--
-- AUTO_INCREMENT для таблицы `groups`
--
ALTER TABLE `groups`
  MODIFY `id` int NOT NULL AUTO_INCREMENT, AUTO_INCREMENT=91;

--
-- AUTO_INCREMENT для таблицы `students`
--
ALTER TABLE `students`
  MODIFY `id` int NOT NULL AUTO_INCREMENT, AUTO_INCREMENT=718;

--
-- AUTO_INCREMENT для таблицы `student_attributes`
--
ALTER TABLE `student_attributes`
  MODIFY `id` int NOT NULL AUTO_INCREMENT, AUTO_INCREMENT=1004;

--
-- AUTO_INCREMENT для таблицы `student_attribute_values`
--
ALTER TABLE `student_attribute_values`
  MODIFY `id` int NOT NULL AUTO_INCREMENT, AUTO_INCREMENT=7425;

--
-- AUTO_INCREMENT для таблицы `subjects`
--
ALTER TABLE `subjects`
  MODIFY `id` int NOT NULL AUTO_INCREMENT, AUTO_INCREMENT=16;

--
-- AUTO_INCREMENT для таблицы `users`
--
ALTER TABLE `users`
  MODIFY `id` int NOT NULL AUTO_INCREMENT, AUTO_INCREMENT=15;

--
-- Ограничения внешнего ключа сохраненных таблиц
--

--
-- Ограничения внешнего ключа таблицы `groups`
--
ALTER TABLE `groups`
  ADD CONSTRAINT `groups_ibfk_1` FOREIGN KEY (`teacher_id`) REFERENCES `users` (`id`) ON DELETE CASCADE;

--
-- Ограничения внешнего ключа таблицы `students`
--
ALTER TABLE `students`
  ADD CONSTRAINT `fk_students_group_id` FOREIGN KEY (`id_group`) REFERENCES `groups` (`id`) ON DELETE CASCADE,
  ADD CONSTRAINT `students_ibfk_1` FOREIGN KEY (`id_group`) REFERENCES `groups` (`id`) ON DELETE CASCADE;

--
-- Ограничения внешнего ключа таблицы `student_attributes`
--
ALTER TABLE `student_attributes`
  ADD CONSTRAINT `student_attributes_ibfk_1` FOREIGN KEY (`group_id`) REFERENCES `groups` (`id`) ON DELETE CASCADE;

--
-- Ограничения внешнего ключа таблицы `student_attribute_values`
--
ALTER TABLE `student_attribute_values`
  ADD CONSTRAINT `fk_sav_student_id` FOREIGN KEY (`student_id`) REFERENCES `students` (`id`) ON DELETE CASCADE,
  ADD CONSTRAINT `student_attribute_values_ibfk_1` FOREIGN KEY (`student_id`) REFERENCES `students` (`id`) ON DELETE CASCADE,
  ADD CONSTRAINT `student_attribute_values_ibfk_2` FOREIGN KEY (`attribute_id`) REFERENCES `student_attributes` (`id`) ON DELETE CASCADE;
COMMIT;

/*!40101 SET CHARACTER_SET_CLIENT=@OLD_CHARACTER_SET_CLIENT */;
/*!40101 SET CHARACTER_SET_RESULTS=@OLD_CHARACTER_SET_RESULTS */;
/*!40101 SET COLLATION_CONNECTION=@OLD_COLLATION_CONNECTION */;
